-- ============================================
-- 水库质量监测系统 · 模拟数据 SQL
-- 基于 MySQL 8.0
-- ============================================
-- 创建数据库
-- CREATE DATABASE IF NOT EXISTS water_quality_monitor DEFAULT CHARSET utf8mb4;
-- USE water_quality_monitor;
-- -------------------------------------------
-- 1. 角色表
-- -------------------------------------------
INSERT INTO role (id, name, code, permissions, created_at)
VALUES (
        1,
        '管理员',
        'admin',
        '{"all": true}',
        '2025-01-01 00:00:00'
    ),
    (
        2,
        '技术负责人',
        'tech_leader',
        '{"dashboard":true,"alert":true,"rag":true,"graph":true,"report":true,"knowledge":true}',
        '2025-01-01 00:00:00'
    ),
    (
        3,
        '分析师',
        'analyst',
        '{"dashboard":true,"alert":true,"rag":true,"graph":true,"report":true}',
        '2025-01-01 00:00:00'
    ),
    (
        4,
        '技术员',
        'technician',
        '{"dashboard":true,"alert":true,"rag":true,"graph":true}',
        '2025-01-01 00:00:00'
    ),
    (
        5,
        '监测员',
        'monitor',
        '{"dashboard":true,"alert":true,"rag":true,"report":true}',
        '2025-01-01 00:00:00'
    ),
    (
        6,
        '管理层',
        'manager',
        '{"dashboard":true,"report":true,"dispatch":true}',
        '2025-01-01 00:00:00'
    );
-- -------------------------------------------
-- 2. 用户表
-- -------------------------------------------
INSERT INTO user (
        id,
        role_id,
        username,
        password,
        real_name,
        phone,
        dingtalk_id,
        status,
        created_at
    )
VALUES (
        1,
        1,
        'admin',
        '$2b$12$rSMiTT.0VPH/2dEEQkFaIO/8Zg1z8dKnwi/9zLLL4USTwvnSHyZEi',
        '李管理',
        '13800001001',
        'admin001',
        1,
        '2025-01-01 00:00:00'
    ),
    (
        2,
        2,
        'wangwei',
        '$2b$12$9sNWFir51IRqh8n/ttY78esCJuahbYNuNyXRwx6Fh41sbT5e4irJ2',
        '王伟',
        '13800001002',
        'wangwei001',
        1,
        '2025-01-01 00:00:00'
    ),
    (
        3,
        3,
        'zhangming',
        '$2b$12$9sNWFir51IRqh8n/ttY78esCJuahbYNuNyXRwx6Fh41sbT5e4irJ2',
        '张明',
        '13800001003',
        'zhangming001',
        1,
        '2025-01-01 00:00:00'
    ),
    (
        4,
        4,
        'xiaoli',
        '$2b$12$9sNWFir51IRqh8n/ttY78esCJuahbYNuNyXRwx6Fh41sbT5e4irJ2',
        '小李',
        '13800001004',
        'xiaoli001',
        1,
        '2025-01-01 00:00:00'
    ),
    (
        5,
        5,
        'xiaozhao',
        '$2b$12$9sNWFir51IRqh8n/ttY78esCJuahbYNuNyXRwx6Fh41sbT5e4irJ2',
        '小赵',
        '13800001005',
        'xiaozhao001',
        1,
        '2025-01-01 00:00:00'
    ),
    (
        6,
        5,
        'xiaozhang',
        '$2b$12$9sNWFir51IRqh8n/ttY78esCJuahbYNuNyXRwx6Fh41sbT5e4irJ2',
        '小张',
        '13800001006',
        'xiaozhang001',
        1,
        '2025-03-15 00:00:00'
    ),
    (
        7,
        6,
        'chenzong',
        '$2b$12$9sNWFir51IRqh8n/ttY78esCJuahbYNuNyXRwx6Fh41sbT5e4irJ2',
        '陈总',
        '13800001007',
        'chenzong001',
        1,
        '2025-01-01 00:00:00'
    );
-- -------------------------------------------
-- 3. 水库表（12座水库）
-- -------------------------------------------
INSERT INTO reservoir (
        id,
        name,
        code,
        location,
        longitude,
        latitude,
        capacity,
        water_grade,
        watershed,
        sort_order,
        status,
        created_at
    )
VALUES (
        1,
        '青龙山水库',
        'QLS-001',
        '青龙山镇东3公里',
        118.523,
        32.145,
        8500,
        'Ⅱ类',
        '淮河流域',
        1,
        1,
        '2025-01-01 00:00:00'
    ),
    (
        2,
        '白鹭湖水库',
        'BLH-002',
        '白鹭湖乡北部',
        118.612,
        32.230,
        6200,
        'Ⅱ类',
        '淮河流域',
        2,
        1,
        '2025-01-01 00:00:00'
    ),
    (
        3,
        '梅山水库',
        'MSH-003',
        '梅山镇西5公里',
        118.334,
        32.089,
        12000,
        'Ⅲ类',
        '淮河流域',
        3,
        1,
        '2025-01-01 00:00:00'
    ),
    (
        4,
        '响洪甸水库',
        'XHD-004',
        '响洪甸镇南',
        118.201,
        31.967,
        18000,
        'Ⅱ类',
        '淮河流域',
        4,
        1,
        '2025-01-01 00:00:00'
    ),
    (
        5,
        '佛子岭水库',
        'FZL-005',
        '佛子岭镇东',
        118.412,
        31.856,
        9500,
        'Ⅱ类',
        '淮河流域',
        5,
        1,
        '2025-01-01 00:00:00'
    ),
    (
        6,
        '磨子潭水库',
        'MZT-006',
        '磨子潭镇北',
        118.378,
        31.822,
        4300,
        'Ⅱ类',
        '淮河流域',
        6,
        1,
        '2025-01-01 00:00:00'
    ),
    (
        7,
        '龙河口水库',
        'LHK-007',
        '龙河口镇西',
        117.956,
        31.745,
        7800,
        'Ⅲ类',
        '长江流域',
        7,
        1,
        '2025-01-01 00:00:00'
    ),
    (
        8,
        '花凉亭水库',
        'HLT-008',
        '花凉亭镇南',
        117.234,
        31.512,
        5600,
        'Ⅲ类',
        '长江流域',
        8,
        1,
        '2025-01-01 00:00:00'
    ),
    (
        9,
        '陈村水库',
        'CCS-009',
        '陈村镇北2公里',
        117.823,
        31.334,
        9100,
        'Ⅱ类',
        '长江流域',
        9,
        1,
        '2025-01-01 00:00:00'
    ),
    (
        10,
        '董铺水库',
        'DPS-010',
        '合肥市西北郊',
        117.167,
        31.902,
        2400,
        'Ⅲ类',
        '淮河流域',
        10,
        1,
        '2025-01-01 00:00:00'
    ),
    (
        11,
        '大房郢水库',
        'DFY-011',
        '合肥市北郊',
        117.211,
        31.945,
        1800,
        'Ⅲ类',
        '淮河流域',
        11,
        1,
        '2025-01-01 00:00:00'
    ),
    (
        12,
        '黄栗树水库',
        'HLS-012',
        '全椒县西北',
        118.067,
        32.123,
        3200,
        'Ⅱ类',
        '长江流域',
        12,
        1,
        '2025-01-01 00:00:00'
    );
-- -------------------------------------------
-- 4. 监测指标表
-- -------------------------------------------
INSERT INTO indicator (
        id,
        name,
        code,
        unit,
        category,
        standard_limit_i,
        standard_limit_ii,
        standard_limit_iii,
        standard_limit_iv,
        standard_limit_v,
        is_core,
        created_at
    )
VALUES (
        1,
        'pH值',
        'pH',
        '无量纲',
        '物理',
        6.5,
        6.5,
        6.5,
        6.0,
        6.0,
        1,
        '2025-01-01 00:00:00'
    ),
    (
        2,
        '溶解氧',
        'DO',
        'mg/L',
        '物理',
        7.5,
        6.0,
        5.0,
        3.0,
        2.0,
        1,
        '2025-01-01 00:00:00'
    ),
    (
        3,
        '高锰酸盐指数',
        'CODMn',
        'mg/L',
        '化学',
        2.0,
        4.0,
        6.0,
        10.0,
        15.0,
        1,
        '2025-01-01 00:00:00'
    ),
    (
        4,
        '化学需氧量',
        'COD',
        'mg/L',
        '化学',
        15.0,
        15.0,
        20.0,
        30.0,
        40.0,
        1,
        '2025-01-01 00:00:00'
    ),
    (
        5,
        '五日生化需氧量',
        'BOD5',
        'mg/L',
        '化学',
        3.0,
        3.0,
        4.0,
        6.0,
        10.0,
        0,
        '2025-01-01 00:00:00'
    ),
    (
        6,
        '氨氮',
        'NH3N',
        'mg/L',
        '化学',
        0.15,
        0.5,
        1.0,
        1.5,
        2.0,
        1,
        '2025-01-01 00:00:00'
    ),
    (
        7,
        '总磷',
        'TP',
        'mg/L',
        '化学',
        0.02,
        0.025,
        0.05,
        0.1,
        0.2,
        1,
        '2025-01-01 00:00:00'
    ),
    (
        8,
        '总氮',
        'TN',
        'mg/L',
        '化学',
        0.2,
        0.5,
        1.0,
        1.5,
        2.0,
        1,
        '2025-01-01 00:00:00'
    ),
    (
        9,
        '氟化物',
        'F',
        'mg/L',
        '化学',
        1.0,
        1.0,
        1.0,
        1.5,
        1.5,
        0,
        '2025-01-01 00:00:00'
    ),
    (
        10,
        '粪大肠菌群',
        'FC',
        '个/L',
        '生物',
        200,
        2000,
        10000,
        20000,
        40000,
        0,
        '2025-01-01 00:00:00'
    ),
    (
        11,
        '水温',
        'TEMP',
        '℃',
        '物理',
        NULL,
        NULL,
        NULL,
        NULL,
        NULL,
        1,
        '2025-01-01 00:00:00'
    ),
    (
        12,
        '浊度',
        'TURB',
        'NTU',
        '物理',
        3.0,
        5.0,
        10.0,
        20.0,
        50.0,
        0,
        '2025-01-01 00:00:00'
    );
-- -------------------------------------------
-- 5. 监测站点表
-- -------------------------------------------
INSERT INTO monitoring_station (
        id,
        reservoir_id,
        name,
        code,
        type,
        longitude,
        latitude,
        sampling_point,
        status,
        last_data_time,
        created_at
    )
VALUES (
        1,
        1,
        '青龙山自动站',
        'QLS-A01',
        'auto',
        118.525,
        32.148,
        '坝前表层0.5m',
        1,
        '2026-05-24 06:00:00',
        '2025-01-01 00:00:00'
    ),
    (
        2,
        1,
        '青龙山人工点',
        'QLS-M01',
        'manual',
        118.520,
        32.143,
        '库中表层',
        1,
        '2026-05-23 09:00:00',
        '2025-01-01 00:00:00'
    ),
    (
        3,
        2,
        '白鹭湖自动站',
        'BLH-A01',
        'auto',
        118.615,
        32.232,
        '坝前表层0.5m',
        1,
        '2026-05-24 06:00:00',
        '2025-01-01 00:00:00'
    ),
    (
        4,
        3,
        '梅山自动站',
        'MSH-A01',
        'auto',
        118.336,
        32.091,
        '坝前表层0.5m',
        1,
        '2026-05-24 06:00:00',
        '2025-01-01 00:00:00'
    ),
    (
        5,
        3,
        '梅山人工点',
        'MSH-M01',
        'manual',
        118.330,
        32.086,
        '库中表层',
        1,
        '2026-05-23 08:30:00',
        '2025-01-01 00:00:00'
    ),
    (
        6,
        4,
        '响洪甸自动站',
        'XHD-A01',
        'auto',
        118.203,
        31.969,
        '坝前表层0.5m',
        1,
        '2026-05-24 06:00:00',
        '2025-01-01 00:00:00'
    ),
    (
        7,
        5,
        '佛子岭自动站',
        'FZL-A01',
        'auto',
        118.414,
        31.858,
        '坝前表层0.5m',
        1,
        '2026-05-24 06:00:00',
        '2025-01-01 00:00:00'
    ),
    (
        8,
        6,
        '磨子潭自动站',
        'MZT-A01',
        'auto',
        118.380,
        31.824,
        '坝前表层0.5m',
        0,
        '2026-05-23 18:00:00',
        '2025-01-01 00:00:00'
    ),
    (
        9,
        7,
        '龙河口自动站',
        'LHK-A01',
        'auto',
        117.958,
        31.747,
        '坝前表层0.5m',
        1,
        '2026-05-24 06:00:00',
        '2025-01-01 00:00:00'
    ),
    (
        10,
        8,
        '花凉亭自动站',
        'HLT-A01',
        'auto',
        117.236,
        31.514,
        '坝前表层0.5m',
        1,
        '2026-05-24 06:00:00',
        '2025-01-01 00:00:00'
    ),
    (
        11,
        9,
        '陈村自动站',
        'CCS-A01',
        'auto',
        117.825,
        31.336,
        '坝前表层0.5m',
        1,
        '2026-05-24 06:00:00',
        '2025-01-01 00:00:00'
    ),
    (
        12,
        10,
        '董铺自动站',
        'DPS-A01',
        'auto',
        117.169,
        31.904,
        '坝前表层0.5m',
        1,
        '2026-05-24 06:00:00',
        '2025-01-01 00:00:00'
    ),
    (
        13,
        10,
        '董铺人工点',
        'DPS-M01',
        'manual',
        117.164,
        31.900,
        '取水口附近',
        1,
        '2026-05-23 10:00:00',
        '2025-01-01 00:00:00'
    ),
    (
        14,
        11,
        '大房郢自动站',
        'DFY-A01',
        'auto',
        117.213,
        31.947,
        '坝前表层0.5m',
        1,
        '2026-05-24 06:00:00',
        '2025-01-01 00:00:00'
    ),
    (
        15,
        12,
        '黄栗树自动站',
        'HLS-A01',
        'auto',
        118.069,
        32.125,
        '坝前表层0.5m',
        1,
        '2026-05-24 06:00:00',
        '2025-01-01 00:00:00'
    );
-- -------------------------------------------
-- 6. 监测数据（最近24小时，关键指标）
-- -------------------------------------------
-- INSERT INTO monitoring_record (
--         reservoir_id,
--         station_id,
--         indicator_id,
--         value,
--         data_source,
--         quality_flag,
--         record_time,
--         created_at
--     )
-- VALUES -- 青龙山水库 Ⅱ类水 正常
--     (
--         1,
--         1,
--         1,
--         7.12,
--         'auto',
--         1,
--         '2026-05-24 06:00:00',
--         '2026-05-24 06:00:05'
--     ),
--     (
--         1,
--         1,
--         2,
--         7.2,
--         'auto',
--         1,
--         '2026-05-24 06:00:00',
--         '2026-05-24 06:00:05'
--     ),
--     (
--         1,
--         1,
--         3,
--         2.8,
--         'auto',
--         1,
--         '2026-05-24 06:00:00',
--         '2026-05-24 06:00:05'
--     ),
--     (
--         1,
--         1,
--         4,
--         12.5,
--         'auto',
--         1,
--         '2026-05-24 06:00:00',
--         '2026-05-24 06:00:05'
--     ),
--     (
--         1,
--         1,
--         6,
--         0.12,
--         'auto',
--         1,
--         '2026-05-24 06:00:00',
--         '2026-05-24 06:00:05'
--     ),
--     (
--         1,
--         1,
--         7,
--         0.018,
--         'auto',
--         1,
--         '2026-05-24 06:00:00',
--         '2026-05-24 06:00:05'
--     ),
--     (
--         1,
--         1,
--         8,
--         0.35,
--         'auto',
--         1,
--         '2026-05-24 06:00:00',
--         '2026-05-24 06:00:05'
--     ),
--     (
--         1,
--         1,
--         11,
--         22.5,
--         'auto',
--         1,
--         '2026-05-24 06:00:00',
--         '2026-05-24 06:00:05'
--     ),
--     -- 梅山水库 Ⅲ类水 氨氮偏高
--     (
--         3,
--         4,
--         1,
--         7.45,
--         'auto',
--         1,
--         '2026-05-24 06:00:00',
--         '2026-05-24 06:00:05'
--     ),
--     (
--         3,
--         4,
--         2,
--         5.5,
--         'auto',
--         1,
--         '2026-05-24 06:00:00',
--         '2026-05-24 06:00:05'
--     ),
--     (
--         3,
--         4,
--         3,
--         5.2,
--         'auto',
--         1,
--         '2026-05-24 06:00:00',
--         '2026-05-24 06:00:05'
--     ),
--     (
--         3,
--         4,
--         4,
--         18.0,
--         'auto',
--         1,
--         '2026-05-24 06:00:00',
--         '2026-05-24 06:00:05'
--     ),
--     (
--         3,
--         4,
--         6,
--         0.82,
--         'auto',
--         1,
--         '2026-05-24 06:00:00',
--         '2026-05-24 06:00:05'
--     ),
--     (
--         3,
--         4,
--         7,
--         0.045,
--         'auto',
--         1,
--         '2026-05-24 06:00:00',
--         '2026-05-24 06:00:05'
--     ),
--     (
--         3,
--         4,
--         8,
--         0.95,
--         'auto',
--         1,
--         '2026-05-24 06:00:00',
--         '2026-05-24 06:00:05'
--     ),
--     (
--         3,
--         4,
--         11,
--         24.8,
--         'auto',
--         1,
--         '2026-05-24 06:00:00',
--         '2026-05-24 06:00:05'
--     ),
--     -- 董铺水库 总磷超标
--     (
--         10,
--         12,
--         1,
--         7.02,
--         'auto',
--         1,
--         '2026-05-24 06:00:00',
--         '2026-05-24 06:00:05'
--     ),
--     (
--         10,
--         12,
--         2,
--         4.8,
--         'auto',
--         1,
--         '2026-05-24 06:00:00',
--         '2026-05-24 06:00:05'
--     ),
--     (
--         10,
--         12,
--         3,
--         5.8,
--         'auto',
--         1,
--         '2026-05-24 06:00:00',
--         '2026-05-24 06:00:05'
--     ),
--     (
--         10,
--         12,
--         4,
--         22.0,
--         'auto',
--         1,
--         '2026-05-24 06:00:00',
--         '2026-05-24 06:00:05'
--     ),
--     (
--         10,
--         12,
--         6,
--         0.65,
--         'auto',
--         1,
--         '2026-05-24 06:00:00',
--         '2026-05-24 06:00:05'
--     ),
--     (
--         10,
--         12,
--         7,
--         0.095,
--         'auto',
--         1,
--         '2026-05-24 06:00:00',
--         '2026-05-24 06:00:05'
--     ),
--     (
--         10,
--         12,
--         8,
--         1.15,
--         'auto',
--         1,
--         '2026-05-24 06:00:00',
--         '2026-05-24 06:00:05'
--     ),
--     (
--         10,
--         12,
--         11,
--         23.2,
--         'auto',
--         1,
--         '2026-05-24 06:00:00',
--         '2026-05-24 06:00:05'
--     ),
--     -- 磨子潭自动站离线，用人工点数据
--     (
--         6,
--         8,
--         1,
--         7.00,
--         'auto',
--         2,
--         '2026-05-23 18:00:00',
--         '2026-05-23 18:00:05'
--     ),
--     (
--         6,
--         8,
--         6,
--         0.18,
--         'auto',
--         2,
--         '2026-05-23 18:00:00',
--         '2026-05-23 18:00:05'
--     ),
--     (
--         6,
--         8,
--         7,
--         0.020,
--         'auto',
--         2,
--         '2026-05-23 18:00:00',
--         '2026-05-23 18:00:05'
--     ),
--     -- 剩余水库简化数据（各一条当日最新）
--     (
--         2,
--         3,
--         6,
--         0.22,
--         'auto',
--         1,
--         '2026-05-24 06:00:00',
--         '2026-05-24 06:00:05'
--     ),
--     (
--         2,
--         3,
--         7,
--         0.022,
--         'auto',
--         1,
--         '2026-05-24 06:00:00',
--         '2026-05-24 06:00:05'
--     ),
--     (
--         4,
--         6,
--         6,
--         0.15,
--         'auto',
--         1,
--         '2026-05-24 06:00:00',
--         '2026-05-24 06:00:05'
--     ),
--     (
--         4,
--         6,
--         7,
--         0.017,
--         'auto',
--         1,
--         '2026-05-24 06:00:00',
--         '2026-05-24 06:00:05'
--     ),
--     (
--         5,
--         7,
--         6,
--         0.10,
--         'auto',
--         1,
--         '2026-05-24 06:00:00',
--         '2026-05-24 06:00:05'
--     ),
--     (
--         5,
--         7,
--         7,
--         0.019,
--         'auto',
--         1,
--         '2026-05-24 06:00:00',
--         '2026-05-24 06:00:05'
--     ),
--     (
--         7,
--         9,
--         6,
--         0.45,
--         'auto',
--         1,
--         '2026-05-24 06:00:00',
--         '2026-05-24 06:00:05'
--     ),
--     (
--         7,
--         9,
--         7,
--         0.042,
--         'auto',
--         1,
--         '2026-05-24 06:00:00',
--         '2026-05-24 06:00:05'
--     ),
--     (
--         8,
--         10,
--         6,
--         0.38,
--         'auto',
--         1,
--         '2026-05-24 06:00:00',
--         '2026-05-24 06:00:05'
--     ),
--     (
--         8,
--         10,
--         7,
--         0.048,
--         'auto',
--         1,
--         '2026-05-24 06:00:00',
--         '2026-05-24 06:00:05'
--     ),
--     (
--         9,
--         11,
--         6,
--         0.20,
--         'auto',
--         1,
--         '2026-05-24 06:00:00',
--         '2026-05-24 06:00:05'
--     ),
--     (
--         9,
--         11,
--         7,
--         0.021,
--         'auto',
--         1,
--         '2026-05-24 06:00:00',
--         '2026-05-24 06:00:05'
--     ),
--     (
--         11,
--         14,
--         6,
--         0.55,
--         'auto',
--         1,
--         '2026-05-24 06:00:00',
--         '2026-05-24 06:00:05'
--     ),
--     (
--         11,
--         14,
--         7,
--         0.052,
--         'auto',
--         1,
--         '2026-05-24 06:00:00',
--         '2026-05-24 06:00:05'
--     ),
--     (
--         12,
--         15,
--         6,
--         0.30,
--         'auto',
--         1,
--         '2026-05-24 06:00:00',
--         '2026-05-24 06:00:05'
--     ),
--     (
--         12,
--         15,
--         7,
--         0.030,
--         'auto',
--         1,
--         '2026-05-24 06:00:00',
--         '2026-05-24 06:00:05'
--     );
-- -- -------------------------------------------
-- -- 7. 预警事件（模拟几个不同类型）
-- -- -------------------------------------------
-- INSERT INTO alert_event (
--         id,
--         reservoir_id,
--         handler_id,
--         title,
--         alert_level,
--         indicators,
--         source_desc,
--         suggestion,
--         status,
--         detected_at,
--         created_at
--     )
-- VALUES (
--         1,
--         10,
--         NULL,
--         '董铺水库总磷超标',
--         'warning',
--         '{"总磷":{"value":0.095,"limit":0.05,"unit":"mg/L"}}',
--         '经图谱溯源，上游3公里内存在2家养殖场和1处农田径流区',
--         '建议：1.加密监测频次至每2小时一次 2.排查上游养殖场排污情况 3.通知下游水厂加强预处理',
--         'confirmed',
--         '2026-05-24 06:05:00',
--         '2026-05-24 06:05:00'
--     ),
--     (
--         2,
--         3,
--         NULL,
--         '梅山水库氨氮偏高',
--         'info',
--         '{"氨氮":{"value":0.82,"limit":1.0,"unit":"mg/L"}}',
--         '氨氮值0.82mg/L，接近Ⅲ类限值1.0mg/L，为近7天最高值',
--         '建议持续关注，如继续上升超过0.9mg/L需启动排查程序',
--         'new',
--         '2026-05-24 06:05:00',
--         '2026-05-24 06:05:00'
--     ),
--     (
--         3,
--         6,
--         NULL,
--         '磨子潭自动站设备疑似故障',
--         'info',
--         '{"pH值":{"value":7.00,"limit":null,"unit":"无量纲"}}',
--         '自动站最后数据时间为2026-05-23 18:00，离线超12小时。最近一次数据pH恒定在7.0，与历史波动模式不符',
--         '建议现场检查自动站设备状态，进行pH探头校准',
--         'new',
--         '2026-05-24 06:05:00',
--         '2026-05-24 06:05:00'
--     ),
--     (
--         4,
--         10,
--         NULL,
--         '董铺/大房郢双库水质异常（综合事件）',
--         'critical',
--         '{"总磷_董铺":{"value":0.095,"limit":0.05},"总磷_大房郢":{"value":0.052,"limit":0.05},"氨氮_大房郢":{"value":0.55,"limit":1.0}}',
--         '两库均位于合肥市郊，同属淮河流域。近期降雨后农田径流可能性较大',
--         '建议：1.对两库同时加密监测 2.启动面源污染排查 3.评估是否需要限制供水',
--         'confirmed',
--         '2026-05-24 06:05:00',
--         '2026-05-24 06:05:00'
--     );
-- -- -------------------------------------------
-- -- 8. 巡检报告
-- -- -------------------------------------------
-- INSERT INTO inspection_report (
--         id,
--         reservoir_id,
--         reviewer_id,
--         title,
--         report_type,
--         summary,
--         details,
--         alerts,
--         status,
--         report_date,
--         created_at
--     )
-- VALUES (
--         1,
--         NULL,
--         2,
--         '2026年5月24日晨间巡检报告',
--         'daily',
--         '今日巡检12座水库，总体水质平稳。董铺水库总磷0.095mg/L超标（Ⅲ类限值0.05），大房郢水库总磷0.052mg/L轻微超标，梅山水库氨氮0.82mg/L接近Ⅲ类限值。磨子潭自动站离线需检修。其余水库各项指标正常。',
--         '{"total_reservoirs":12,"normal":9,"abnormal":3,"offline_stations":1}',
--         '[1,2,3,4]',
--         'published',
--         '2026-05-24',
--         '2026-05-24 06:30:00'
--     );
-- -- -------------------------------------------
-- -- 9. 知识库文档
-- -- -------------------------------------------
-- INSERT INTO knowledge_document (
--         id,
--         title,
--         doc_type,
--         file_path,
--         content,
--         metadata,
--         chunk_count,
--         status,
--         created_at
--     )
-- VALUES (
--         1,
--         '地表水环境质量标准 GB3838-2002',
--         'standard',
--         '/docs/standards/GB3838-2002.pdf',
--         '本标准规定了地表水环境质量标准的基本项目标准限值...',
--         '{"source":"生态环境部","year":2002,"category":"国标"}',
--         45,
--         'done',
--         '2025-06-01 00:00:00'
--     ),
--     (
--         2,
--         '安徽省水污染防治条例',
--         'standard',
--         '/docs/standards/anhui_water_pollution.pdf',
--         '为防治水污染，保护和改善水环境...',
--         '{"source":"安徽省人大","year":2020,"category":"地方法规"}',
--         30,
--         'done',
--         '2025-06-01 00:00:00'
--     ),
--     (
--         3,
--         '青龙山水库2025年蓝藻水华应急处置案例',
--         'case',
--         '/docs/cases/lanhuo_qinglongshan_2025.pdf',
--         '2025年7月青龙山水库发生蓝藻水华事件，通过曝气+生物制剂联合处置...',
--         '{"reservoir":"青龙山水库","year":2025,"type":"水华"}',
--         15,
--         'done',
--         '2025-08-15 00:00:00'
--     ),
--     (
--         4,
--         '氨氮超标应急处置预案',
--         'sop',
--         '/docs/sops/nh3n_exceedance.md',
--         '# 氨氮超标应急处置预案\n\n## 适用范围\n适用于水库氨氮指标超出Ⅲ类水质标准时的应急处置。',
--         '{"indicator":"氨氮","severity":"warning"}',
--         10,
--         'done',
--         '2025-03-01 00:00:00'
--     ),
--     (
--         5,
--         '总磷超标应急处置预案',
--         'sop',
--         '/docs/sops/tp_exceedance.md',
--         '# 总磷超标应急处置预案\n\n## 适用范围\n适用于水库总磷指标超出Ⅲ类水质标准时的应急处置。',
--         '{"indicator":"总磷","severity":"warning"}',
--         8,
--         'done',
--         '2025-03-01 00:00:00'
--     ),
--     (
--         6,
--         '汛期水质异常应急处置流程',
--         'sop',
--         '/docs/sops/flood_water_quality.md',
--         '# 汛期水质异常应急处置流程\n\n暴雨后常见浊度、总磷、高锰酸盐指数超标...',
--         '{"scenario":"汛期","severity":"critical"}',
--         12,
--         'done',
--         '2025-06-15 00:00:00'
--     );
-- -- -------------------------------------------
-- -- 10. 处置预案
-- -- -------------------------------------------
-- INSERT INTO disposal_plan (
--         id,
--         title,
--         scenario,
--         alert_indicators,
--         steps,
--         severity,
--         created_at
--     )
-- VALUES (
--         1,
--         '氨氮超标处置',
--         '氨氮指标超出Ⅲ类限值',
--         '氨氮',
--         '1.立即加密监测，频次提升至每2小时一次\n2.排查上游3公里内养殖场和工业排污口\n3.如确认点源污染，责令停止排放\n4.加强水体曝气增氧\n5.通知下游水厂加强氨氮预处理',
--         'warning',
--         '2025-03-01 00:00:00'
--     ),
--     (
--         2,
--         '总磷超标处置',
--         '总磷指标超出Ⅲ类限值',
--         '总磷',
--         '1.加密监测至每2小时一次\n2.排查上游农业面源和养殖场\n3.启动曝气设备增加水体溶解氧\n4.如蓝藻水华风险高，准备除藻药剂\n5.通知下游水厂强化混凝沉淀',
--         'warning',
--         '2025-03-01 00:00:00'
--     ),
--     (
--         3,
--         '暴雨面源污染应急处置',
--         '汛期暴雨后多指标同步超标',
--         '浊度,总磷,高锰酸盐指数',
--         '1.立即全指标检测\n2.绘制面源污染热力图\n3.重点排查农田径流区和养殖场\n4.加大水库下泄流量稀释\n5.通知下游水厂启动应急预处理工艺',
--         'critical',
--         '2025-06-01 00:00:00'
--     );