-- ============================================
-- 水库质量监测系统 · 模拟数据 SQL
-- 基于 MySQL 8.0
-- ============================================
-- 创建数据库
-- CREATE DATABASE IF NOT EXISTS water_quality_monitor DEFAULT CHARSET utf8mb4;
-- USE water_quality_monitor;
-- -------------------------------------------
-- 1. 角色表
-- -------------------------------------------
INSERT INTO role (id, name, code, permissions, created_at)
VALUES (
        1,
        '管理员',
        'admin',
        '{"all": true}',
        '2025-01-01 00:00:00'
    ),
    (
        2,
        '技术负责人',
        'tech_leader',
        '{"dashboard":true,"alert":true,"rag":true,"graph":true,"report":true,"knowledge":true}',
        '2025-01-01 00:00:00'
    ),
    (
        3,
        '分析师',
        'analyst',
        '{"dashboard":true,"alert":true,"rag":true,"graph":true,"report":true}',
        '2025-01-01 00:00:00'
    ),
    (
        4,
        '技术员',
        'technician',
        '{"dashboard":true,"alert":true,"rag":true,"graph":true}',
        '2025-01-01 00:00:00'
    ),
    (
        5,
        '监测员',
        'monitor',
        '{"dashboard":true,"alert":true,"rag":true,"report":true}',
        '2025-01-01 00:00:00'
    ),
    (
        6,
        '管理层',
        'manager',
        '{"dashboard":true,"report":true,"dispatch":true}',
        '2025-01-01 00:00:00'
    );
-- -------------------------------------------
-- 2. 用户表
-- -------------------------------------------
INSERT INTO user (
        id,
        role_id,
        username,
        password,
        real_name,
        phone,
        dingtalk_id,
        status,
        created_at
    )
VALUES (
        1,
        1,
        'admin',
        '$2b$12$rSMiTT.0VPH/2dEEQkFaIO/8Zg1z8dKnwi/9zLLL4USTwvnSHyZEi',
        '李管理',
        '13800001001',
        'admin001',
        1,
        '2025-01-01 00:00:00'
    ),
    (
        2,
        2,
        'wangwei',
        '$2b$12$9sNWFir51IRqh8n/ttY78esCJuahbYNuNyXRwx6Fh41sbT5e4irJ2',
        '王伟',
        '13800001002',
        'wangwei001',
        1,
        '2025-01-01 00:00:00'
    ),
    (
        3,
        3,
        'zhangming',
        '$2b$12$9sNWFir51IRqh8n/ttY78esCJuahbYNuNyXRwx6Fh41sbT5e4irJ2',
        '张明',
        '13800001003',
        'zhangming001',
        1,
        '2025-01-01 00:00:00'
    ),
    (
        4,
        4,
        'xiaoli',
        '$2b$12$9sNWFir51IRqh8n/ttY78esCJuahbYNuNyXRwx6Fh41sbT5e4irJ2',
        '小李',
        '13800001004',
        'xiaoli001',
        1,
        '2025-01-01 00:00:00'
    ),
    (
        5,
        5,
        'xiaozhao',
        '$2b$12$9sNWFir51IRqh8n/ttY78esCJuahbYNuNyXRwx6Fh41sbT5e4irJ2',
        '小赵',
        '13800001005',
        'xiaozhao001',
        1,
        '2025-01-01 00:00:00'
    ),
    (
        6,
        5,
        'xiaozhang',
        '$2b$12$9sNWFir51IRqh8n/ttY78esCJuahbYNuNyXRwx6Fh41sbT5e4irJ2',
        '小张',
        '13800001006',
        'xiaozhang001',
        1,
        '2025-03-15 00:00:00'
    ),
    (
        7,
        6,
        'chenzong',
        '$2b$12$9sNWFir51IRqh8n/ttY78esCJuahbYNuNyXRwx6Fh41sbT5e4irJ2',
        '陈总',
        '13800001007',
        'chenzong001',
        1,
        '2025-01-01 00:00:00'
    );
-- -------------------------------------------
-- 3. 水库表（4座水库）
-- -------------------------------------------
INSERT INTO reservoir (
        id,
        name,
        code,
        location,
        longitude,
        latitude,
        capacity,
        water_grade,
        watershed,
        sort_order,
        status,
        created_at
    )
VALUES (
        1,
        '青龙山水库',
        'QLS-001',
        '青龙山镇东3公里',
        118.523,
        32.145,
        8500,
        'Ⅱ类',
        '淮河流域',
        1,
        1,
        '2025-01-01 00:00:00'
    ),
    (
        2,
        '梅山水库',
        'MSH-002',
        '梅山镇西5公里',
        118.334,
        32.089,
        12000,
        'Ⅲ类',
        '淮河流域',
        2,
        1,
        '2025-01-01 00:00:00'
    ),
    (
        3,
        '龙河口水库',
        'LHK-003',
        '龙河口镇西',
        117.956,
        31.745,
        7800,
        'Ⅲ类',
        '长江流域',
        3,
        1,
        '2025-01-01 00:00:00'
    ),
    (
        4,
        '董铺水库',
        'DPS-004',
        '合肥市西北郊',
        117.167,
        31.902,
        2400,
        'Ⅲ类',
        '淮河流域',
        4,
        1,
        '2025-01-01 00:00:00'
    );
-- -------------------------------------------
-- 4. 监测指标表
-- -------------------------------------------
INSERT INTO indicator (
        id,
        name,
        code,
        unit,
        category,
        standard_limit_i,
        standard_limit_ii,
        standard_limit_iii,
        standard_limit_iv,
        standard_limit_v,
        is_core,
        created_at
    )
VALUES (
        1,
        'pH值',
        'ph',
        '无量纲',
        '物理',
        6.5,
        6.5,
        6.5,
        6.0,
        6.0,
        1,
        '2025-01-01 00:00:00'
    ),
    (
        2,
        '溶解氧',
        'rjy',
        'mg/L',
        '物理',
        7.5,
        6.0,
        5.0,
        3.0,
        2.0,
        1,
        '2025-01-01 00:00:00'
    ),
    (
        3,
        '化学需氧量',
        'cod',
        'mg/L',
        '化学',
        15.0,
        15.0,
        20.0,
        30.0,
        40.0,
        1,
        '2025-01-01 00:00:00'
    ),
    (
        4,
        '氨氮',
        'ad',
        'mg/L',
        '化学',
        0.15,
        0.5,
        1.0,
        1.5,
        2.0,
        1,
        '2025-01-01 00:00:00'
    ),
    (
        5,
        '水温',
        'swt',
        '℃',
        '物理',
        NULL,
        NULL,
        NULL,
        NULL,
        NULL,
        1,
        '2025-01-01 00:00:00'
    ),
    (
        6,
        '浊度',
        'zd',
        'NTU',
        '物理',
        3.0,
        5.0,
        10.0,
        20.0,
        50.0,
        0,
        '2025-01-01 00:00:00'
    ),
    (
        7,
        '电导率',
        'ddl',
        'uS/cm',
        '物理',
        NULL,
        NULL,
        NULL,
        NULL,
        NULL,
        0,
        '2025-01-01 00:00:00'
    ),
    (
        8,
        '余氯',
        'yl',
        'mg/L',
        '化学',
        NULL,
        NULL,
        NULL,
        NULL,
        NULL,
        0,
        '2025-01-01 00:00:00'
    );

-- -------------------------------------------
-- 5. 监测站点表（每库1个自动站，共4个）
-- -------------------------------------------
INSERT INTO monitoring_station (
        id,
        reservoir_id,
        name,
        code,
        type,
        longitude,
        latitude,
        sampling_point,
        status,
        last_data_time,
        created_at
    )
VALUES (
        1,
        1,
        '青龙山自动站',
        'QLS-A01',
        'auto',
        118.525,
        32.148,
        '坝前表层0.5m',
        1,
        '2026-06-01 15:35:01',
        '2025-01-01 00:00:00'
    ),
    (
        2,
        2,
        '梅山自动站',
        'MSH-A01',
        'auto',
        118.336,
        32.091,
        '坝前表层0.5m',
        1,
        '2026-06-01 15:35:01',
        '2025-01-01 00:00:00'
    ),
    (
        3,
        3,
        '龙河口自动站',
        'LHK-A01',
        'auto',
        117.958,
        31.747,
        '坝前表层0.5m',
        1,
        '2026-06-01 15:35:01',
        '2025-01-01 00:00:00'
    ),
    (
        4,
        4,
        '董铺自动站',
        'DPS-A01',
        'auto',
        117.169,
        31.904,
        '坝前表层0.5m',
        1,
        '2026-06-01 15:35:01',
        '2025-01-01 00:00:00'
    );
-- -------------------------------------------
-- 6. 监测数据（基于真实接口的初始数据）
-- -------------------------------------------
-- 4座水库各8项指标，数据源自真实接口 http://111.47.99.130:8081/water-quality/list
-- 字段映射: swt→TEMP(11), zd→TURB(12), ph→pH(1), ddl→COND(13),
--           rjy→DO(2), ad→NH3N(6), cod→COD(4), yl→CL(14)
--
-- 青龙山水库 (Ⅱ类, reservoir=1, station=1)
-- 梅山水库   (Ⅲ类, reservoir=2, station=2)
-- 龙河口水库 (Ⅲ类, reservoir=3, station=3)
-- 董铺水库   (Ⅲ类, reservoir=4, station=4)
--
-- INSERT INTO monitoring_record (
--         reservoir_id, station_id, indicator_id, value,
--         data_source, quality_flag, record_time, created_at
--     )
-- VALUES
--     -- ======== 青龙山水库 (Ⅱ类) ========
--     (1, 1, 1,  8.55,     'auto', 1, '2026-06-01 15:35:01', '2026-06-01 15:35:05'),
--     (1, 1, 2,  15.58,    'auto', 1, '2026-06-01 15:35:01', '2026-06-01 15:35:05'),
--     (1, 1, 4,  0.40,     'auto', 1, '2026-06-01 15:35:01', '2026-06-01 15:35:05'),
--     (1, 1, 6,  22.90,    'auto', 1, '2026-06-01 15:35:01', '2026-06-01 15:35:05'),
--     (1, 1, 11, 8.70,     'auto', 1, '2026-06-01 15:35:01', '2026-06-01 15:35:05'),
--     (1, 1, 12, 3.80,     'auto', 1, '2026-06-01 15:35:01', '2026-06-01 15:35:05'),
--     (1, 1, 13, 0.15,     'auto', 1, '2026-06-01 15:35:01', '2026-06-01 15:35:05'),
--     (1, 1, 14, 0.15,     'auto', 1, '2026-06-01 15:35:01', '2026-06-01 15:35:05'),
--     -- ======== 梅山水库 (Ⅲ类) ========
--     (2, 2, 1,  8.42,     'auto', 1, '2026-06-01 15:35:01', '2026-06-01 15:35:05'),
--     (2, 2, 2,  14.20,    'auto', 1, '2026-06-01 15:35:01', '2026-06-01 15:35:05'),
--     (2, 2, 4,  0.55,     'auto', 1, '2026-06-01 15:35:01', '2026-06-01 15:35:05'),
--     (2, 2, 6,  25.30,    'auto', 1, '2026-06-01 15:35:01', '2026-06-01 15:35:05'),
--     (2, 2, 11, 9.10,     'auto', 1, '2026-06-01 15:35:01', '2026-06-01 15:35:05'),
--     (2, 2, 12, 4.20,     'auto', 1, '2026-06-01 15:35:01', '2026-06-01 15:35:05'),
--     (2, 2, 13, 0.18,     'auto', 1, '2026-06-01 15:35:01', '2026-06-01 15:35:05'),
--     (2, 2, 14, 0.12,     'auto', 1, '2026-06-01 15:35:01', '2026-06-01 15:35:05'),
--     -- ======== 龙河口水库 (Ⅲ类) ========
--     (3, 3, 1,  8.60,     'auto', 1, '2026-06-01 15:35:01', '2026-06-01 15:35:05'),
--     (3, 3, 2,  15.10,    'auto', 1, '2026-06-01 15:35:01', '2026-06-01 15:35:05'),
--     (3, 3, 4,  0.48,     'auto', 1, '2026-06-01 15:35:01', '2026-06-01 15:35:05'),
--     (3, 3, 6,  21.50,    'auto', 1, '2026-06-01 15:35:01', '2026-06-01 15:35:05'),
--     (3, 3, 11, 8.50,     'auto', 1, '2026-06-01 15:35:01', '2026-06-01 15:35:05'),
--     (3, 3, 12, 3.60,     'auto', 1, '2026-06-01 15:35:01', '2026-06-01 15:35:05'),
--     (3, 3, 13, 0.14,     'auto', 1, '2026-06-01 15:35:01', '2026-06-01 15:35:05'),
--     (3, 3, 14, 0.16,     'auto', 1, '2026-06-01 15:35:01', '2026-06-01 15:35:05'),
--     -- ======== 董铺水库 (Ⅲ类) ========
--     (4, 4, 1,  8.48,     'auto', 1, '2026-06-01 15:35:01', '2026-06-01 15:35:05'),
--     (4, 4, 2,  13.80,    'auto', 1, '2026-06-01 15:35:01', '2026-06-01 15:35:05'),
--     (4, 4, 4,  0.62,     'auto', 1, '2026-06-01 15:35:01', '2026-06-01 15:35:05'),
--     (4, 4, 6,  23.80,    'auto', 1, '2026-06-01 15:35:01', '2026-06-01 15:35:05'),
--     (4, 4, 11, 8.90,     'auto', 1, '2026-06-01 15:35:01', '2026-06-01 15:35:05'),
--     (4, 4, 12, 3.90,     'auto', 1, '2026-06-01 15:35:01', '2026-06-01 15:35:05'),
--     (4, 4, 13, 0.16,     'auto', 1, '2026-06-01 15:35:01', '2026-06-01 15:35:05'),
--     (4, 4, 14, 0.14,     'auto', 1, '2026-06-01 15:35:01', '2026-06-01 15:35:05');
-- -- -------------------------------------------
-- -- 7. 预警事件（模拟几个不同类型）
-- -- -------------------------------------------
-- INSERT INTO alert_event (
--         id,
--         reservoir_id,
--         handler_id,
--         title,
--         alert_level,
--         indicators,
--         source_desc,
--         suggestion,
--         status,
--         detected_at,
--         created_at
--     )
-- VALUES (
--         1,
--         4,
--         NULL,
--         '董铺水库水质异常偏高',
--         'warning',
--         'warning',
--         '{"总磷":{"value":0.095,"limit":0.05,"unit":"mg/L"}}',
--         '经图谱溯源，上游3公里内存在2家养殖场和1处农田径流区',
--         '建议：1.加密监测频次至每2小时一次 2.排查上游养殖场排污情况 3.通知下游水厂加强预处理',
--         'confirmed',
--         '2026-05-24 06:05:00',
--         '2026-05-24 06:05:00'
--     ),
--     (
--         2,
--         2,
--         NULL,
--         '梅山水库氨氮偏高',
--         'info',
--         '{"氨氮":{"value":25.3,"limit":null,"unit":"mg/L"}}',
--         '氨氮值25.3mg/L，4座水库中最高，需持续关注',
--         '建议持续关注，分析上游是否存在污染源',
--         'new',
--         '2026-06-01 15:35:05',
--         '2026-06-01 15:35:05'
--     );
-- -- -------------------------------------------
-- -- 8. 巡检报告
-- -- -------------------------------------------
-- INSERT INTO inspection_report (
--         id,
--         reservoir_id,
--         reviewer_id,
--         title,
--         report_type,
--         summary,
--         details,
--         alerts,
--         status,
--         report_date,
--         created_at
--     )
-- VALUES (
--         1,
--         NULL,
--         2,
--         '2026年6月1日巡检报告',
--         'daily',
--         '今日巡检4座水库，总体水质平稳。董铺水库氨氮23.8mg/L偏高，梅山水库氨氮25.3mg/L为最高。青龙山水库水质相对最好。',
--         '{"total_reservoirs":4,"normal":2,"abnormal":2,"offline_stations":0}',
--         '[1,2]',
--         'published',
--         '2026-06-01',
--         '2026-06-01 15:40:00'
--     );
-- -- -------------------------------------------
-- -- 9. 知识库文档
-- -- -------------------------------------------
-- INSERT INTO knowledge_document (
--         id,
--         title,
--         doc_type,
--         file_path,
--         content,
--         metadata,
--         chunk_count,
--         status,
--         created_at
--     )
-- VALUES (
--         1,
--         '地表水环境质量标准 GB3838-2002',
--         'standard',
--         '/docs/standards/GB3838-2002.pdf',
--         '本标准规定了地表水环境质量标准的基本项目标准限值...',
--         '{"source":"生态环境部","year":2002,"category":"国标"}',
--         45,
--         'done',
--         '2025-06-01 00:00:00'
--     ),
--     (
--         2,
--         '安徽省水污染防治条例',
--         'standard',
--         '/docs/standards/anhui_water_pollution.pdf',
--         '为防治水污染，保护和改善水环境...',
--         '{"source":"安徽省人大","year":2020,"category":"地方法规"}',
--         30,
--         'done',
--         '2025-06-01 00:00:00'
--     ),
--     (
--         3,
--         '青龙山水库2025年蓝藻水华应急处置案例',
--         'case',
--         '/docs/cases/lanhuo_qinglongshan_2025.pdf',
--         '2025年7月青龙山水库发生蓝藻水华事件，通过曝气+生物制剂联合处置...',
--         '{"reservoir":"青龙山水库","year":2025,"type":"水华"}',
--         15,
--         'done',
--         '2025-08-15 00:00:00'
--     ),
--     (
--         4,
--         '氨氮超标应急处置预案',
--         'sop',
--         '/docs/sops/nh3n_exceedance.md',
--         '# 氨氮超标应急处置预案\n\n## 适用范围\n适用于水库氨氮指标超出Ⅲ类水质标准时的应急处置。',
--         '{"indicator":"氨氮","severity":"warning"}',
--         10,
--         'done',
--         '2025-03-01 00:00:00'
--     ),
--     (
--         5,
--         '总磷超标应急处置预案',
--         'sop',
--         '/docs/sops/tp_exceedance.md',
--         '# 总磷超标应急处置预案\n\n## 适用范围\n适用于水库总磷指标超出Ⅲ类水质标准时的应急处置。',
--         '{"indicator":"总磷","severity":"warning"}',
--         8,
--         'done',
--         '2025-03-01 00:00:00'
--     ),
--     (
--         6,
--         '汛期水质异常应急处置流程',
--         'sop',
--         '/docs/sops/flood_water_quality.md',
--         '# 汛期水质异常应急处置流程\n\n暴雨后常见浊度、总磷、高锰酸盐指数超标...',
--         '{"scenario":"汛期","severity":"critical"}',
--         12,
--         'done',
--         '2025-06-15 00:00:00'
--     );
-- -- -------------------------------------------
-- -- 10. 处置预案
-- -- -------------------------------------------
-- INSERT INTO disposal_plan (
--         id,
--         title,
--         scenario,
--         alert_indicators,
--         steps,
--         severity,
--         created_at
--     )
-- VALUES (
--         1,
--         '氨氮超标处置',
--         '氨氮指标超出Ⅲ类限值',
--         '氨氮',
--         '1.立即加密监测，频次提升至每2小时一次\n2.排查上游3公里内养殖场和工业排污口\n3.如确认点源污染，责令停止排放\n4.加强水体曝气增氧\n5.通知下游水厂加强氨氮预处理',
--         'warning',
--         '2025-03-01 00:00:00'
--     ),
--     (
--         2,
--         '总磷超标处置',
--         '总磷指标超出Ⅲ类限值',
--         '总磷',
--         '1.加密监测至每2小时一次\n2.排查上游农业面源和养殖场\n3.启动曝气设备增加水体溶解氧\n4.如蓝藻水华风险高，准备除藻药剂\n5.通知下游水厂强化混凝沉淀',
--         'warning',
--         '2025-03-01 00:00:00'
--     ),
--     (
--         3,
--         '暴雨面源污染应急处置',
--         '汛期暴雨后多指标同步超标',
--         '浊度,总磷,高锰酸盐指数',
--         '1.立即全指标检测\n2.绘制面源污染热力图\n3.重点排查农田径流区和养殖场\n4.加大水库下泄流量稀释\n5.通知下游水厂启动应急预处理工艺',
--         'critical',
--         '2025-06-01 00:00:00'
--     );

