-- ============================================
-- 水库质量监测系统 · 模拟数据 SQL
-- 基于 MySQL 8.0
-- ============================================
-- 创建数据库
-- CREATE DATABASE IF NOT EXISTS water_quality_monitor DEFAULT CHARSET utf8mb4;
-- USE water_quality_monitor;
-- -------------------------------------------
-- 1. 角色表
-- -------------------------------------------
INSERT INTO role (id, name, code, permissions, created_at)
VALUES (
        1,
        '管理员',
        'admin',
        '{"all": true}',
        '2025-01-01 00:00:00'
    ),
    (
        2,
        '技术负责人',
        'tech_leader',
        '{"dashboard":true,"alert":true,"rag":true,"graph":true,"report":true,"knowledge":true}',
        '2025-01-01 00:00:00'
    ),
    (
        3,
        '分析师',
        'analyst',
        '{"dashboard":true,"alert":true,"rag":true,"graph":true,"report":true}',
        '2025-01-01 00:00:00'
    ),
    (
        4,
        '技术员',
        'technician',
        '{"dashboard":true,"alert":true,"rag":true,"graph":true}',
        '2025-01-01 00:00:00'
    ),
    (
        5,
        '监测员',
        'monitor',
        '{"dashboard":true,"alert":true,"rag":true,"report":true}',
        '2025-01-01 00:00:00'
    ),
    (
        6,
        '管理层',
        'manager',
        '{"dashboard":true,"report":true,"dispatch":true}',
        '2025-01-01 00:00:00'
    );
-- -------------------------------------------
-- 2. 用户表
-- -------------------------------------------
INSERT INTO user (
        id,
        role_id,
        username,
        password,
        real_name,
        phone,
        dingtalk_id,
        status,
        created_at
    )
VALUES (
        1,
        1,
        'admin',
        '$2b$12$rSMiTT.0VPH/2dEEQkFaIO/8Zg1z8dKnwi/9zLLL4USTwvnSHyZEi',
        '李管理',
        '13800001001',
        'admin001',
        1,
        '2025-01-01 00:00:00'
    ),
    (
        2,
        2,
        'wangwei',
        '$2b$12$9sNWFir51IRqh8n/ttY78esCJuahbYNuNyXRwx6Fh41sbT5e4irJ2',
        '王伟',
        '13800001002',
        'wangwei001',
        1,
        '2025-01-01 00:00:00'
    ),
    (
        3,
        3,
        'zhangming',
        '$2b$12$9sNWFir51IRqh8n/ttY78esCJuahbYNuNyXRwx6Fh41sbT5e4irJ2',
        '张明',
        '13800001003',
        'zhangming001',
        1,
        '2025-01-01 00:00:00'
    ),
    (
        4,
        4,
        'xiaoli',
        '$2b$12$9sNWFir51IRqh8n/ttY78esCJuahbYNuNyXRwx6Fh41sbT5e4irJ2',
        '小李',
        '13800001004',
        'xiaoli001',
        1,
        '2025-01-01 00:00:00'
    ),
    (
        5,
        5,
        'xiaozhao',
        '$2b$12$9sNWFir51IRqh8n/ttY78esCJuahbYNuNyXRwx6Fh41sbT5e4irJ2',
        '小赵',
        '13800001005',
        'xiaozhao001',
        1,
        '2025-01-01 00:00:00'
    ),
    (
        6,
        5,
        'xiaozhang',
        '$2b$12$9sNWFir51IRqh8n/ttY78esCJuahbYNuNyXRwx6Fh41sbT5e4irJ2',
        '小张',
        '13800001006',
        'xiaozhang001',
        1,
        '2025-03-15 00:00:00'
    ),
    (
        7,
        6,
        'chenzong',
        '$2b$12$9sNWFir51IRqh8n/ttY78esCJuahbYNuNyXRwx6Fh41sbT5e4irJ2',
        '陈总',
        '13800001007',
        'chenzong001',
        1,
        '2025-01-01 00:00:00'
    );
-- -------------------------------------------
-- 3. 水库表（4座水库）
-- -------------------------------------------
INSERT INTO reservoir (
        id,
        name,
        code,
        location,
        longitude,
        latitude,
        capacity,
        water_grade,
        watershed,
        sort_order,
        status,
        created_at
    )
VALUES (
        1,
        '青龙山水库',
        'QLS-001',
        '青龙山镇东3公里',
        118.523,
        32.145,
        8500,
        'Ⅱ类',
        '淮河流域',
        1,
        1,
        '2025-01-01 00:00:00'
    ),
    (
        2,
        '梅山水库',
        'MSH-002',
        '梅山镇西5公里',
        118.334,
        32.089,
        12000,
        'Ⅲ类',
        '淮河流域',
        2,
        1,
        '2025-01-01 00:00:00'
    ),
    (
        3,
        '龙河口水库',
        'LHK-003',
        '龙河口镇西',
        117.956,
        31.745,
        7800,
        'Ⅲ类',
        '长江流域',
        3,
        1,
        '2025-01-01 00:00:00'
    ),
    (
        4,
        '董铺水库',
        'DPS-004',
        '合肥市西北郊',
        117.167,
        31.902,
        2400,
        'Ⅲ类',
        '淮河流域',
        4,
        1,
        '2025-01-01 00:00:00'
    );
-- -------------------------------------------
-- 4. 监测指标表
-- -------------------------------------------
INSERT INTO indicator (
        id, name, code, unit, category,
        standard_limit_i_lower, standard_limit_i_upper,
        standard_limit_ii_lower, standard_limit_ii_upper,
        standard_limit_iii_lower, standard_limit_iii_upper,
        standard_limit_iv_lower, standard_limit_iv_upper,
        standard_limit_v_lower, standard_limit_v_upper,
        is_core, created_at
    )
VALUES (
        1, 'pH值', 'ph', '无量纲', '物理',
        6.5, 9.0,
        6.5, 9.0,
        6.5, 9.0,
        6.0, 9.0,
        6.0, 9.0,
        1, '2025-01-01 00:00:00'
    ),
    (
        2, '溶解氧', 'rjy', 'mg/L', '物理',
        7.5, NULL,
        6.0, NULL,
        5.0, NULL,
        3.0, NULL,
        2.0, NULL,
        1, '2025-01-01 00:00:00'
    ),
    (
        3, '化学需氧量', 'cod', 'mg/L', '化学',
        NULL, 15.0,
        NULL, 15.0,
        NULL, 20.0,
        NULL, 30.0,
        NULL, 40.0,
        1, '2025-01-01 00:00:00'
    ),
    (
        4, '氨氮', 'ad', 'mg/L', '化学',
        NULL, 0.15,
        NULL, 0.5,
        NULL, 1.0,
        NULL, 1.5,
        NULL, 2.0,
        1, '2025-01-01 00:00:00'
    ),
    (
        5, '水温', 'swt', '℃', '物理',
        NULL, NULL,
        NULL, NULL,
        NULL, NULL,
        NULL, NULL,
        NULL, NULL,
        1, '2025-01-01 00:00:00'
    ),
    (
        6, '浊度', 'zd', 'NTU', '物理',
        NULL, 3.0,
        NULL, 5.0,
        NULL, 10.0,
        NULL, 20.0,
        NULL, 50.0,
        0, '2025-01-01 00:00:00'
    ),
    (
        7, '电导率', 'ddl', 'uS/cm', '物理',
        NULL, NULL,
        NULL, NULL,
        NULL, NULL,
        NULL, NULL,
        NULL, NULL,
        0, '2025-01-01 00:00:00'
    ),
    (
        8, '余氯', 'yl', 'mg/L', '化学',
        NULL, NULL,
        NULL, NULL,
        NULL, NULL,
        NULL, NULL,
        NULL, NULL,
        0, '2025-01-01 00:00:00'
    );
-- -------------------------------------------
-- 5. 监测站点表（每座水库1个站点）
-- -------------------------------------------
INSERT INTO monitoring_station (
        id, reservoir_id, name, code, type,
        longitude, latitude, sampling_point,
        status, last_data_time, created_at
    )
VALUES (
        1, 1, '青龙山大坝上游自动站', 'QLS-AUTO-001', 'auto',
        '118.523', '32.145', '大坝上游500米',
        1, '2026-06-03 08:00:00', '2025-01-01 00:00:00'
    ),
    (
        2, 2, '梅山水库自动站', 'MSH-AUTO-001', 'auto',
        '118.334', '32.089', '水库中心',
        1, '2026-06-03 08:00:00', '2025-01-01 00:00:00'
    ),
    (
        3, 3, '龙河口自动监测站', 'LHK-AUTO-001', 'auto',
        '117.956', '31.745', '坝前100米',
        1, '2026-06-03 08:00:00', '2025-01-01 00:00:00'
    ),
    (
        4, 4, '董铺水库自动站', 'DPS-AUTO-001', 'auto',
        '117.167', '31.902', '取水口附近',
        1, '2026-06-03 08:00:00', '2025-01-01 00:00:00'
    );
-- -------------------------------------------
-- 6. 监测记录表（模拟最近24小时各指标数据）
-- -------------------------------------------
INSERT INTO monitoring_record (
        id, reservoir_id, station_id, indicator_id,
        value, data_source, quality_flag, record_time, created_at
    )
VALUES
    -- 青龙山水库（reservoir_id=1）
    (1, 1, 1, 1, 7.82, 'auto', 1, '2026-06-03 06:00:00', '2026-06-03 06:00:00'),
    (2, 1, 1, 2, 6.50, 'auto', 1, '2026-06-03 06:00:00', '2026-06-03 06:00:00'),
    (3, 1, 1, 3, 10.20, 'auto', 1, '2026-06-03 06:00:00', '2026-06-03 06:00:00'),
    (4, 1, 1, 4, 0.35, 'auto', 1, '2026-06-03 06:00:00', '2026-06-03 06:00:00'),
    (5, 1, 1, 5, 22.50, 'auto', 1, '2026-06-03 06:00:00', '2026-06-03 06:00:00'),
    (6, 1, 1, 6, 2.80, 'auto', 1, '2026-06-03 06:00:00', '2026-06-03 06:00:00'),
    -- 梅山水库（reservoir_id=2）
    (7, 2, 2, 1, 8.10, 'auto', 1, '2026-06-03 06:00:00', '2026-06-03 06:00:00'),
    (8, 2, 2, 2, 5.80, 'auto', 1, '2026-06-03 06:00:00', '2026-06-03 06:00:00'),
    (9, 2, 2, 3, 18.50, 'auto', 1, '2026-06-03 06:00:00', '2026-06-03 06:00:00'),
    (10, 2, 2, 4, 1.25, 'auto', 1, '2026-06-03 06:00:00', '2026-06-03 06:00:00'),
    -- 龙河口水库（reservoir_id=3）
    (11, 3, 3, 1, 7.50, 'auto', 1, '2026-06-03 06:00:00', '2026-06-03 06:00:00'),
    (12, 3, 3, 2, 6.20, 'auto', 1, '2026-06-03 06:00:00', '2026-06-03 06:00:00'),
    (13, 3, 3, 3, 22.00, 'auto', 1, '2026-06-03 06:00:00', '2026-06-03 06:00:00'),
    (14, 3, 3, 6, 15.20, 'auto', 1, '2026-06-03 06:00:00', '2026-06-03 06:00:00'),
    -- 董铺水库（reservoir_id=4）
    (15, 4, 4, 1, 7.30, 'auto', 1, '2026-06-03 06:00:00', '2026-06-03 06:00:00'),
    (16, 4, 4, 2, 5.20, 'auto', 1, '2026-06-03 06:00:00', '2026-06-03 06:00:00'),
    (17, 4, 4, 3, 25.00, 'auto', 1, '2026-06-03 06:00:00', '2026-06-03 06:00:00'),
    (18, 4, 4, 4, 1.80, 'auto', 1, '2026-06-03 06:00:00', '2026-06-03 06:00:00');
-- -------------------------------------------
-- 7. 预警事件（5条模拟数据，覆盖不同水库/等级/状态）
-- -------------------------------------------
INSERT INTO alert_event (
        id,
        reservoir_id,
        handler_id,
        title,
        alert_level,
        indicators,
        source_desc,
        suggestion,
        status,
        detected_at,
        resolved_at
    )
VALUES (
        1,
        4,
        5,
        '董铺水库总磷持续超标',
        3,
        '[{"name":"总磷","value":0.095,"limit":0.05,"unit":"mg/L"}]',
        '董铺水库总磷连续3次监测值超Ⅲ类标准(0.05mg/L)，经溯源分析上游3公里内存在2家养殖场和1处农田径流区',
        '建议：1.加密监测频次至每2小时一次 2.排查上游养殖场排污情况 3.通知下游水厂加强混凝沉淀预处理',
        1,
        '2026-05-24 06:05:00',
        '2026-05-24 06:05:00'
    ),
    (
        2,
        2,
        3,
        '梅山水库氨氮偏高',
        2,
        '[{"name":"氨氮","value":1.25,"limit":1.0,"unit":"mg/L"}]',
        '梅山水库氨氮值1.25mg/L，超出Ⅲ类限值(1.0mg/L)，4座水库中氨氮最高',
        '建议：1.加密监测频次至每4小时一次 2.排查上游是否存在养殖排污 3.加强水体曝气增氧',
        2,
        '2026-05-28 09:30:00',
        '2026-05-28 09:30:00'
    ),
    (
        3,
        1,
        NULL,
        '青龙山水库溶解氧下降',
        1,
        '[{"name":"溶解氧","value":4.8,"limit":5.0,"unit":"mg/L"}]',
        '青龙山水库溶解氧降至4.8mg/L，低于Ⅱ类标准(5.0mg/L)，可能与近期高温少雨有关',
        '建议持续关注，如持续低于4.0mg/L需启动曝气设备',
        0,
        '2026-06-01 08:00:00',
        '2026-06-01 08:00:00'
    ),
    (
        4,
        3,
        NULL,
        '龙河口水库浊度异常',
        2,
        '[{"name":"浊度","value":15.2,"limit":10.0,"unit":"NTU"}]',
        '龙河口水库浊度15.2NTU，超出Ⅲ类限值(10.0NTU)，疑受上游施工影响',
        '建议：1.排查上游施工活动 2.加密浊度监测 3.确认是否需启动应急沉淀措施',
        0,
        '2026-06-02 07:15:00',
        '2026-06-02 07:15:00'
    ),
    (
        5,
        4,
        2,
        '董铺水库氨氮超标预警',
        3,
        '[{"name":"氨氮","value":2.10,"limit":1.5,"unit":"mg/L"}]',
        '董铺水库氨氮值2.10mg/L，超出Ⅳ类限值(1.5mg/L)，经排查系上游农田集中施肥期面源流入',
        '已采取：1.上游农田径流拦截 2.水库曝气增氧 3.加强监测频次至每小时一次',
        3,
        '2026-05-20 14:00:00',
        '2026-05-22 10:30:00'
    );
-- -- -------------------------------------------
-- -- 8. 巡检报告
-- -- -------------------------------------------
-- INSERT INTO inspection_report (
--         id,
--         reservoir_id,
--         reviewer_id,
--         title,
--         report_type,
--         summary,
--         details,
--         alerts,
--         status,
--         report_date,
--         created_at
--     )
-- VALUES (
--         1,
--         NULL,
--         2,
--         '2026年6月1日巡检报告',
--         'daily',
--         '今日巡检4座水库，总体水质平稳。董铺水库氨氮23.8mg/L偏高，梅山水库氨氮25.3mg/L为最高。青龙山水库水质相对最好。',
--         '{"total_reservoirs":4,"normal":2,"abnormal":2,"offline_stations":0}',
--         '[1,2]',
--         'published',
--         '2026-06-01',
--         '2026-06-01 15:40:00'
--     );
-- -- -------------------------------------------
-- -- 9. 知识库文档
-- -- -------------------------------------------
-- INSERT INTO knowledge_document (
--         id,
--         title,
--         doc_type,
--         file_path,
--         content,
--         metadata,
--         chunk_count,
--         status,
--         created_at
--     )
-- VALUES (
--         1,
--         '地表水环境质量标准 GB3838-2002',
--         'standard',
--         '/docs/standards/GB3838-2002.pdf',
--         '本标准规定了地表水环境质量标准的基本项目标准限值...',
--         '{"source":"生态环境部","year":2002,"category":"国标"}',
--         45,
--         'done',
--         '2025-06-01 00:00:00'
--     ),
--     (
--         2,
--         '安徽省水污染防治条例',
--         'standard',
--         '/docs/standards/anhui_water_pollution.pdf',
--         '为防治水污染，保护和改善水环境...',
--         '{"source":"安徽省人大","year":2020,"category":"地方法规"}',
--         30,
--         'done',
--         '2025-06-01 00:00:00'
--     ),
--     (
--         3,
--         '青龙山水库2025年蓝藻水华应急处置案例',
--         'case',
--         '/docs/cases/lanhuo_qinglongshan_2025.pdf',
--         '2025年7月青龙山水库发生蓝藻水华事件，通过曝气+生物制剂联合处置...',
--         '{"reservoir":"青龙山水库","year":2025,"type":"水华"}',
--         15,
--         'done',
--         '2025-08-15 00:00:00'
--     ),
--     (
--         4,
--         '氨氮超标应急处置预案',
--         'sop',
--         '/docs/sops/nh3n_exceedance.md',
--         '# 氨氮超标应急处置预案\n\n## 适用范围\n适用于水库氨氮指标超出Ⅲ类水质标准时的应急处置。',
--         '{"indicator":"氨氮","severity":"warning"}',
--         10,
--         'done',
--         '2025-03-01 00:00:00'
--     ),
--     (
--         5,
--         '总磷超标应急处置预案',
--         'sop',
--         '/docs/sops/tp_exceedance.md',
--         '# 总磷超标应急处置预案\n\n## 适用范围\n适用于水库总磷指标超出Ⅲ类水质标准时的应急处置。',
--         '{"indicator":"总磷","severity":"warning"}',
--         8,
--         'done',
--         '2025-03-01 00:00:00'
--     ),
--     (
--         6,
--         '汛期水质异常应急处置流程',
--         'sop',
--         '/docs/sops/flood_water_quality.md',
--         '# 汛期水质异常应急处置流程\n\n暴雨后常见浊度、总磷、高锰酸盐指数超标...',
--         '{"scenario":"汛期","severity":"critical"}',
--         12,
--         'done',
--         '2025-06-15 00:00:00'
--     );
-- -- -------------------------------------------
-- -- 10. 处置预案
-- -- -------------------------------------------
-- INSERT INTO disposal_plan (
--         id,
--         title,
--         scenario,
--         alert_indicators,
--         steps,
--         severity,
--         created_at
--     )
-- VALUES (
--         1,
--         '氨氮超标处置',
--         '氨氮指标超出Ⅲ类限值',
--         '氨氮',
--         '1.立即加密监测，频次提升至每2小时一次\n2.排查上游3公里内养殖场和工业排污口\n3.如确认点源污染，责令停止排放\n4.加强水体曝气增氧\n5.通知下游水厂加强氨氮预处理',
--         'warning',
--         '2025-03-01 00:00:00'
--     ),
--     (
--         2,
--         '总磷超标处置',
--         '总磷指标超出Ⅲ类限值',
--         '总磷',
--         '1.加密监测至每2小时一次\n2.排查上游农业面源和养殖场\n3.启动曝气设备增加水体溶解氧\n4.如蓝藻水华风险高，准备除藻药剂\n5.通知下游水厂强化混凝沉淀',
--         'warning',
--         '2025-03-01 00:00:00'
--     ),
--     (
--         3,
--         '暴雨面源污染应急处置',
--         '汛期暴雨后多指标同步超标',
--         '浊度,总磷,高锰酸盐指数',
--         '1.立即全指标检测\n2.绘制面源污染热力图\n3.重点排查农田径流区和养殖场\n4.加大水库下泄流量稀释\n5.通知下游水厂启动应急预处理工艺',
--         'critical',
--         '2025-06-01 00:00:00'
--     );
-- -------------------------------------------
-- 11. 默认预警规则（10条全局规则，覆盖5个核心指标）
-- -------------------------------------------
INSERT INTO alert_rule (
        id, rule_name, indicator_id, reservoir_id,
        compare_direction, trigger_class, alert_level,
        is_active, remark, created_at, updated_at
    )
VALUES (
        1, 'COD超Ⅲ类限值-警告', 3, NULL,
        'gt', 'III', 2,
        1, '化学需氧量超过20mg/L触发警告', '2025-01-01 00:00:00', '2025-01-01 00:00:00'
    ),
    (
        2, 'COD超Ⅴ类限值-严重', 3, NULL,
        'gt', 'V', 3,
        1, '化学需氧量超过40mg/L触发严重告警', '2025-01-01 00:00:00', '2025-01-01 00:00:00'
    ),
    (
        3, '氨氮超Ⅲ类限值-警告', 4, NULL,
        'gt', 'III', 2,
        1, '氨氮超过1.0mg/L触发警告', '2025-01-01 00:00:00', '2025-01-01 00:00:00'
    ),
    (
        4, '氨氮超Ⅴ类限值-严重', 4, NULL,
        'gt', 'V', 3,
        1, '氨氮超过2.0mg/L触发严重告警', '2025-01-01 00:00:00', '2025-01-01 00:00:00'
    ),
    (
        5, '溶解氧低于Ⅲ类限值-警告', 2, NULL,
        'lt', 'III', 2,
        1, '溶解氧低于5.0mg/L触发警告', '2025-01-01 00:00:00', '2025-01-01 00:00:00'
    ),
    (
        6, '溶解氧低于Ⅴ类限值-严重', 2, NULL,
        'lt', 'V', 3,
        1, '溶解氧低于2.0mg/L触发严重告警', '2025-01-01 00:00:00', '2025-01-01 00:00:00'
    ),
    (
        7, '浊度超Ⅲ类限值-警告', 6, NULL,
        'gt', 'III', 2,
        1, '浊度超过10NTU触发警告', '2025-01-01 00:00:00', '2025-01-01 00:00:00'
    ),
    (
        8, '浊度超Ⅴ类限值-严重', 6, NULL,
        'gt', 'V', 3,
        1, '浊度超过50NTU触发严重告警', '2025-01-01 00:00:00', '2025-01-01 00:00:00'
    ),
    (
        9, 'pH低于Ⅲ类下限-警告', 1, NULL,
        'lt', 'III', 2,
        1, 'pH低于6.5触发警告', '2025-01-01 00:00:00', '2025-01-01 00:00:00'
    ),
    (
        10, 'pH高于Ⅲ类上限-警告', 1, NULL,
        'gt', 'III', 2,
        1, 'pH高于9.0触发警告', '2025-01-01 00:00:00', '2025-01-01 00:00:00'
    );